City,Cloudiness,Country,Date,Humidity,Lat,Lng,Max Temp,Wind Speed,Date_readable
Blackwater,20,GB,1548732000,86,51.33,-0.78,33.8,4.7,2019-01-29
Kisesa,20,TZ,1548730800,83,-2.55,33.05,69.8,8.75,2019-01-29
Lompoc,90,US,1548732900,93,34.64,-120.46,59.0,3.36,2019-01-29
Yellowknife,20,CA,1548730800,67,62.45,-114.38,-27.41,6.93,2019-01-29
Bilibino,36,RU,1548733858,39,68.06,166.44,-26.33,2.37,2019-01-29
Port Elizabeth,1,US,1548730560,71,39.31,-74.98,26.96,7.07,2019-01-29
Tuatapere,0,NZ,1548733858,60,-46.13,167.69,71.55,9.98,2019-01-29
Thompson,40,CA,1548730800,59,55.74,-97.86,-32.81,6.93,2019-01-29
Nemuro,75,JP,1548730800,79,43.32,145.57,28.4,13.87,2019-01-29
Souillac,90,FR,1548730800,100,45.6,-0.6,35.6,1.12,2019-01-29
Butaritari,12,KI,1548733859,100,3.07,172.79,84.24,18.81,2019-01-29
Rikitea,8,PF,1548733859,98,-23.12,-134.97,80.91,13.33,2019-01-29
Duku,0,NG,1548733859,36,11.24,4.91,66.96,8.19,2019-01-29
Punta Arenas,0,CL,1548730800,70,-53.16,-70.91,44.6,12.75,2019-01-29
North Bend,1,US,1548730560,79,43.41,-124.22,48.92,3.36,2019-01-29
Vaini,40,IN,1548730800,82,15.34,74.49,64.4,6.93,2019-01-29
Busselton,20,AU,1548733861,93,-33.64,115.35,69.93,11.77,2019-01-29
Airai,92,TL,1548733861,94,-8.93,125.41,72.76,1.92,2019-01-29
Ous,68,RU,1548733861,79,60.91,61.52,8.82,3.38,2019-01-29
Bluff,92,AU,1548733861,91,-23.58,149.07,72.67,14.79,2019-01-29
Nikolskoye,75,RU,1548732600,85,59.7,30.79,10.4,13.42,2019-01-29
Madimba,75,CM,1548730800,100,4.42,9.93,78.8,2.24,2019-01-29
Barrow,0,AR,1548733862,71,-38.31,-60.23,71.46,6.73,2019-01-29
Lincoln,8,GB,1548732000,90,53.23,-0.54,35.6,12.75,2019-01-29
Sao Joao da Barra,0,BR,1548733831,96,-21.64,-41.05,81.04,14.23,2019-01-29
Laminusa,48,PH,1548733863,100,5.55,120.91,79.92,10.42,2019-01-29
Cape Town,0,ZA,1548730800,88,-33.93,18.42,62.6,16.11,2019-01-29
Jamestown,0,AU,1548733864,94,-33.21,138.6,78.79,3.15,2019-01-29
Negombo,20,LK,1548731400,69,7.21,79.83,78.8,9.17,2019-01-29
Atuona,56,PF,1548733864,99,-9.8,-139.03,81.76,19.48,2019-01-29
Bowen,75,AU,1548731100,94,-20.01,148.25,77.0,4.7,2019-01-29
Kahului,40,US,1548730560,55,20.89,-156.47,75.02,25.28,2019-01-29
Carnarvon,68,ZA,1548733865,26,-30.97,22.13,59.89,2.93,2019-01-29
Ukiah,1,US,1548730560,64,39.15,-123.21,60.08,2.04,2019-01-29
Longyearbyen,75,NO,1548730200,73,78.22,15.63,23.0,25.28,2019-01-29
Qeshm,75,IR,1548732600,88,26.96,56.27,68.0,4.7,2019-01-29
Port Moresby,40,PG,1548730800,62,-9.47,147.16,87.8,17.22,2019-01-29
Santa Helena de Goias,36,BR,1548733866,84,-17.81,-50.6,70.69,1.92,2019-01-29
Kapaa,75,US,1548730560,55,22.08,-159.32,75.92,25.28,2019-01-29
Ngawi,44,ID,1548733866,80,-7.4,111.45,85.14,8.63,2019-01-29
Avarua,40,CK,1548730800,83,-21.21,-159.78,84.2,12.75,2019-01-29
Hermanus,0,ZA,1548733867,88,-34.42,19.24,59.49,2.93,2019-01-29
Leshukonskoye,0,RU,1548733867,57,64.9,45.76,-11.48,2.48,2019-01-29
Tuktoyaktuk,75,CA,1548730800,77,69.44,-133.03,5.0,6.93,2019-01-29
Chuy,44,UY,1548733867,93,-33.69,-53.46,75.69,7.63,2019-01-29
Severo-Kurilsk,0,RU,1548733868,100,50.68,156.12,26.86,26.87,2019-01-29
Mapiripan,56,CO,1548733868,72,2.89,-72.13,78.48,4.94,2019-01-29
Onega,76,RU,1548733868,72,63.91,38.09,1.08,11.21,2019-01-29
Camacari,75,BR,1548730800,88,-12.7,-38.32,78.8,5.82,2019-01-29
Orlik,12,RU,1548733868,66,52.51,99.83,-19.18,2.82,2019-01-29
Pervomayskoye,76,RU,1548733869,65,57.07,86.23,0.27,16.8,2019-01-29
Khatanga,48,RU,1548733869,55,71.98,102.47,-31.64,2.71,2019-01-29
Ushuaia,40,AR,1548730800,75,-54.81,-68.31,42.8,8.05,2019-01-29
Saskylakh,44,RU,1548733869,0,71.97,114.09,-39.88,2.71,2019-01-29
Lebu,0,ET,1548730800,54,8.96,38.73,53.6,8.05,2019-01-29
Bredasdorp,0,ZA,1548730800,88,-34.53,20.04,71.6,3.36,2019-01-29
Mataura,0,NZ,1548733870,78,-46.19,168.86,77.71,5.17,2019-01-29
Turukhansk,0,RU,1548733870,0,65.8,87.96,-40.28,3.6,2019-01-29
Bilma,0,NE,1548733871,58,18.69,12.92,39.6,2.71,2019-01-29
Mackenzie,1,CA,1548730800,92,55.34,-123.09,6.8,0.69,2019-01-29
Elko,1,US,1548730560,69,40.83,-115.76,33.98,3.36,2019-01-29
Voh,12,NC,1548733871,100,-20.95,164.69,77.71,18.25,2019-01-29
Zhangjiakou,32,CN,1548733872,40,40.77,114.88,23.71,4.05,2019-01-29
Roald,44,NO,1548732000,74,62.58,6.12,33.8,11.41,2019-01-29
Puerto Ayora,0,EC,1548733872,97,-0.74,-90.35,79.96,6.4,2019-01-29
Cadillac,90,US,1548732900,74,44.25,-85.4,13.64,9.17,2019-01-29
Biak,92,ID,1548733872,94,-0.91,122.88,81.45,2.15,2019-01-29
Sedona,1,US,1548732900,25,34.87,-111.79,51.8,17.22,2019-01-29
Zhezkazgan,75,KZ,1548730800,76,47.8,67.71,-4.01,15.66,2019-01-29
Piterka,88,RU,1548733873,85,50.68,47.44,17.01,6.4,2019-01-29
Padang,20,ID,1548730800,74,-0.92,100.36,84.2,2.24,2019-01-29
Grenfell,0,AU,1548733874,76,-33.9,148.16,88.2,10.2,2019-01-29
Tamandare,76,BR,1548733874,95,-8.28,-70.75,76.27,2.59,2019-01-29
Ponta do Sol,24,BR,1548733874,91,-20.63,-46.0,64.89,5.61,2019-01-29
Georgetown,20,GY,1548730800,100,6.8,-58.16,73.4,4.7,2019-01-29
Leningradskiy,12,RU,1548733875,84,69.38,178.42,-13.46,7.63,2019-01-29
Daru,0,SL,1548733875,68,7.99,-10.85,70.42,6.29,2019-01-29
Faanui,68,PF,1548733876,100,-16.48,-151.75,81.63,22.84,2019-01-29
Asosa,8,ET,1548733876,68,10.07,34.53,58.23,2.59,2019-01-29
Mecca,32,SA,1548733876,90,21.43,39.83,58.32,2.93,2019-01-29
Atar,0,MR,1548733876,56,20.52,-13.05,52.74,7.52,2019-01-29
Albany,20,US,1548731820,52,42.65,-73.75,12.02,4.7,2019-01-29
Bambous Virieux,40,MU,1548730800,94,-20.34,57.76,77.0,4.27,2019-01-29
Castro,75,CL,1548730800,93,-42.48,-73.76,53.6,6.93,2019-01-29
Katsuura,20,JP,1548731400,45,33.93,134.5,46.4,23.04,2019-01-29
Aswan,0,EG,1548733878,100,24.09,32.9,43.69,6.17,2019-01-29
Victoria,75,BN,1548732600,74,5.28,115.24,87.8,3.36,2019-01-29
Straumen,80,NO,1548733879,85,63.87,11.3,8.01,2.37,2019-01-29
Redmond,1,US,1548731700,57,47.67,-122.12,44.96,4.7,2019-01-29
New Norfolk,0,AU,1548730800,35,-42.78,147.06,87.8,16.11,2019-01-29
Oistins,20,BB,1548730800,73,13.07,-59.53,75.2,13.87,2019-01-29
Perry,1,US,1548732900,92,30.12,-83.58,41.54,5.17,2019-01-29
Najran,5,SA,1548730800,36,17.54,44.22,60.8,9.17,2019-01-29
Saint Anthony,1,US,1548730560,76,43.97,-111.68,14.0,4.7,2019-01-29
Krapina,92,HR,1548730800,92,46.16,15.87,32.0,3.36,2019-01-29
Hoshcha,20,UA,1548733881,88,50.6,26.67,28.08,10.09,2019-01-29
Ribeira Grande,36,PT,1548733881,100,38.52,-28.7,59.04,6.62,2019-01-29
Hilo,40,US,1548730380,55,19.71,-155.08,73.04,24.16,2019-01-29
Octeville,75,FR,1548732000,74,49.63,-1.64,41.0,4.7,2019-01-29
Hervey Bay,40,AU,1548730800,43,-25.3,152.85,87.8,17.22,2019-01-29
San Patricio,8,PY,1548733882,62,-26.98,-56.83,82.17,4.83,2019-01-29
Kruisfontein,0,ZA,1548733882,82,-34.0,24.73,67.14,12.77,2019-01-29
Den Helder,75,NL,1548732300,86,52.96,4.76,41.0,8.05,2019-01-29
Shambu,8,ET,1548733883,81,9.57,37.1,47.61,2.82,2019-01-29
Palestine,90,US,1548732900,48,31.76,-95.63,50.0,21.92,2019-01-29
Florianopolis,20,BR,1548730800,88,-27.6,-48.55,82.4,8.05,2019-01-29
Daman,0,IN,1548733883,100,20.42,72.83,64.71,19.71,2019-01-29
Sur,8,OM,1548733884,100,22.57,59.53,67.27,9.98,2019-01-29
Hobart,0,AU,1548732600,33,-42.88,147.33,87.8,16.11,2019-01-29
Comodoro Rivadavia,0,AR,1548730800,37,-45.87,-67.48,68.0,19.46,2019-01-29
Tanete,36,ID,1548733884,65,-3.94,119.78,89.37,4.38,2019-01-29
Stettler,20,CA,1548733885,70,52.32,-112.71,7.51,4.72,2019-01-29
Port Lincoln,0,AU,1548733885,71,-34.72,135.86,76.81,6.73,2019-01-29
Broome,12,GB,1548732000,92,52.47,1.45,32.0,9.17,2019-01-29
Portland,75,US,1548730560,40,45.52,-122.67,48.92,17.22,2019-01-29
Kaeo,0,NZ,1548733886,39,-35.1,173.78,87.12,10.42,2019-01-29
Collie,0,AU,1548733886,49,-33.36,116.15,75.64,8.75,2019-01-29
Zyryanka,0,RU,1548733886,50,65.73,150.89,-30.16,3.71,2019-01-29
Pangnirtung,76,CA,1548733887,78,66.15,-65.72,-0.91,3.15,2019-01-29
Costa Rica,75,MX,1548730140,68,24.59,-107.39,66.2,4.83,2019-01-29
Tymovskoye,0,RU,1548733887,57,50.85,142.66,5.49,3.38,2019-01-29
Mount Isa,75,AU,1548732600,74,-20.73,139.49,84.2,8.05,2019-01-29
Tiksi,24,RU,1548733888,0,71.64,128.87,-38.03,3.04,2019-01-29
Ipixuna,0,BR,1548730800,94,-1.76,-48.8,77.0,0.81,2019-01-29
El Retorno,20,CO,1548733888,76,2.33,-72.63,78.61,2.37,2019-01-29
Tasiilaq,80,GL,1548730200,85,65.61,-37.64,19.4,13.87,2019-01-29
Sitka,0,US,1548733889,51,37.17,-99.65,29.16,10.42,2019-01-29
Sept-Iles,5,CA,1548730800,57,50.2,-66.38,-13.01,9.17,2019-01-29
Alyangula,8,AU,1548730800,62,-13.85,136.42,89.6,9.17,2019-01-29
Vaitape,64,PF,1548733890,100,-16.52,-151.75,81.63,23.51,2019-01-29
Oconomowoc,90,US,1548734100,78,43.11,-88.5,6.08,4.7,2019-01-29
Jumla,0,NP,1548733891,81,29.28,82.18,14.76,1.7,2019-01-29
Nador,64,MA,1548732600,72,35.17,-2.93,59.0,17.22,2019-01-29
East London,0,ZA,1548730800,88,-33.02,27.91,68.0,13.87,2019-01-29
Natal,20,BR,1548730800,88,-5.81,-35.21,77.0,6.93,2019-01-29
Presidente Medici,80,BR,1548733892,98,-11.18,-61.9,72.0,2.15,2019-01-29
Oriximina,32,BR,1548733892,93,-1.77,-55.87,76.86,3.94,2019-01-29
Geraldton,40,CA,1548730800,68,49.72,-86.95,-20.21,3.36,2019-01-29
Novyy Urengoy,76,RU,1548733892,67,66.08,76.63,-9.28,8.19,2019-01-29
Dingle,0,PH,1548733893,57,11.0,122.67,80.59,17.13,2019-01-29
Banda Aceh,56,ID,1548733893,99,5.56,95.32,78.07,2.37,2019-01-29
Sao Miguel do Araguaia,64,BR,1548733893,88,-13.28,-50.16,74.56,2.71,2019-01-29
Windsor,90,US,1548732900,71,42.3,-83.03,35.96,17.22,2019-01-29
Kavieng,36,PG,1548733894,98,-2.57,150.8,86.17,6.06,2019-01-29
Saint George,40,GR,1548732000,87,39.45,22.34,46.4,3.36,2019-01-29
Claveria,56,PH,1548733894,100,8.61,124.89,71.73,2.37,2019-01-29
Mehamn,12,NO,1548733895,100,71.03,27.85,-2.98,7.63,2019-01-29
Ornskoldsvik,88,SE,1548732000,85,63.29,18.72,15.8,5.82,2019-01-29
Laguna,32,MX,1548733895,68,27.52,-110.01,58.77,2.26,2019-01-29
Egvekinot,12,RU,1548733896,62,66.32,-179.17,-14.14,3.38,2019-01-29
Guspini,20,IT,1548732000,70,39.54,8.63,46.4,8.05,2019-01-29
Lagoa,75,PT,1548730800,87,37.14,-8.45,53.6,9.17,2019-01-29
Talnakh,0,RU,1548733897,0,69.49,88.39,-44.38,2.82,2019-01-29
Avera,1,US,1548732900,61,33.19,-82.53,51.08,3.36,2019-01-29
Lemoore,90,US,1548730560,80,36.3,-119.78,60.08,4.7,2019-01-29
Naze,36,NG,1548733898,95,5.43,7.07,72.9,3.04,2019-01-29
Mahebourg,40,MU,1548730800,94,-20.41,57.7,77.0,4.27,2019-01-29
Cayenne,75,GF,1548732600,88,4.94,-52.33,77.0,11.41,2019-01-29
Tomatlan,0,MX,1548733900,92,19.93,-105.25,63.49,2.15,2019-01-29
Zeya,80,RU,1548733900,67,53.74,127.27,-1.9,1.59,2019-01-29
Boende,56,CD,1548733900,95,-0.28,20.88,73.89,2.59,2019-01-29
Isla Mujeres,40,MX,1548730020,82,21.23,-86.73,66.2,4.7,2019-01-29
Hasaki,20,JP,1548732600,29,35.73,140.83,48.2,18.34,2019-01-29
Chik,90,RU,1548732600,75,54.99,82.44,-14.81,8.95,2019-01-29
Kamina,44,CD,1548733901,95,-8.74,25.0,65.11,3.04,2019-01-29
Isangel,76,VU,1548733901,100,-19.55,169.27,77.31,14.23,2019-01-29
Port Alfred,0,ZA,1548733902,79,-33.59,26.89,72.76,19.37,2019-01-29
Magadan,20,RU,1548733902,100,59.56,150.8,-0.91,6.62,2019-01-29
Perdika,75,GR,1548732000,93,39.37,20.3,50.0,6.93,2019-01-29
Norman Wells,75,CA,1548730800,77,65.28,-126.83,1.4,3.94,2019-01-29
Anadyr,0,RU,1548732600,69,64.73,177.51,-9.41,8.95,2019-01-29
Paita,44,PE,1548733903,72,-5.09,-81.11,75.06,4.61,2019-01-29
Luderitz,80,NA,1548733903,95,-26.65,15.16,60.97,2.37,2019-01-29
Mokhotlong,0,LS,1548733903,93,-29.29,29.06,40.68,2.04,2019-01-29
Mar del Plata,0,AR,1548733903,44,-46.43,-67.52,64.98,23.29,2019-01-29
Pevek,24,RU,1548733904,97,69.7,170.27,-21.97,1.59,2019-01-29
Eldorado,75,MX,1548730140,68,24.32,-107.36,66.2,4.83,2019-01-29
Kavaratti,0,IN,1548733904,100,10.57,72.64,80.46,3.15,2019-01-29
Salym,92,RU,1548733904,57,60.06,71.48,6.48,9.75,2019-01-29
Dhidhdhoo,20,MV,1548733905,100,6.88,73.1,81.76,10.09,2019-01-29
Dikson,0,RU,1548733905,97,73.51,80.55,-21.7,5.95,2019-01-29
Smithville,1,US,1548734100,52,39.39,-94.58,21.02,11.41,2019-01-29
Konevo,64,BG,1548733905,94,41.67,25.61,46.98,8.63,2019-01-29
Zhigansk,48,RU,1548733906,39,66.77,123.37,-25.75,2.59,2019-01-29
Hithadhoo,64,MV,1548733906,100,-0.6,73.08,82.62,11.99,2019-01-29
Raudeberg,76,NO,1548732000,100,61.99,5.14,32.0,11.41,2019-01-29
Muhos,80,FI,1548732000,92,64.81,26.0,8.6,13.87,2019-01-29
Galle,90,US,1548732900,46,29.74,-97.91,59.36,25.28,2019-01-29
Ejura,48,GH,1548733907,50,7.38,-1.37,85.27,11.54,2019-01-29
Castilho,8,BR,1548733907,72,-20.87,-51.49,77.4,4.27,2019-01-29
Ostrovnoy,0,RU,1548733907,62,68.05,39.51,-8.06,7.96,2019-01-29
San Isidro,56,PH,1548733908,93,16.74,121.63,70.83,5.28,2019-01-29
Waddan,32,LY,1548733909,87,29.16,16.14,43.69,8.63,2019-01-29
Nuuk,64,GL,1548730200,61,64.17,-51.74,15.8,14.99,2019-01-29
Truckee,20,US,1548732900,67,39.33,-120.18,53.06,2.37,2019-01-29
Pascagoula,90,US,1548731700,86,30.37,-88.56,56.3,5.84,2019-01-29
Henties Bay,92,NA,1548733909,100,-22.12,14.28,62.01,4.27,2019-01-29
North Platte,90,US,1548730380,49,41.12,-100.77,24.08,8.05,2019-01-29
Bonavista,20,CA,1548733910,93,48.65,-53.11,31.5,18.03,2019-01-29
Oranjemund,92,ZA,1548733910,92,-28.55,16.43,62.32,12.21,2019-01-29
Lorengau,24,PG,1548733910,94,-2.02,147.27,84.87,10.42,2019-01-29
Liberty,90,US,1548732900,92,39.64,-84.93,30.92,19.82,2019-01-29
Iqaluit,75,CA,1548730800,69,63.75,-68.52,-11.21,13.87,2019-01-29
Hami,80,CN,1548733911,92,42.84,93.51,19.8,5.5,2019-01-29
Mangai,24,CD,1548733911,92,-4.07,19.59,75.46,2.71,2019-01-29
Dustlik,92,UZ,1548733912,62,40.53,68.03,42.03,14.79,2019-01-29
Qaanaaq,0,GL,1548733912,80,77.48,-69.36,-8.74,8.52,2019-01-29
Cabo San Lucas,20,MX,1548730380,68,22.89,-109.91,69.8,6.93,2019-01-29
Yerbogachen,36,RU,1548733912,54,61.28,108.01,-11.21,7.74,2019-01-29
Uarini,0,BR,1548733912,89,-2.98,-65.16,79.65,3.38,2019-01-29
La Ronge,5,CA,1548730800,56,55.1,-105.3,-18.41,14.99,2019-01-29
Touros,20,BR,1548730800,88,-5.2,-35.46,77.0,4.7,2019-01-29
Lata,0,IN,1548733913,60,30.78,78.62,26.32,2.37,2019-01-29
Saint-Philippe,40,CA,1548732900,59,45.36,-73.48,-0.41,3.36,2019-01-29
Ilulissat,80,GL,1548730200,72,69.22,-51.1,17.6,6.93,2019-01-29
Tezu,88,IN,1548733914,48,27.93,96.16,55.12,0.36,2019-01-29
Assare,64,BR,1548733914,93,-6.87,-39.88,69.48,3.04,2019-01-29
Nigde,8,TR,1548733914,70,37.97,34.68,16.96,0.92,2019-01-29
Tralee,90,US,1548732600,79,37.56,-81.4,40.46,6.51,2019-01-29
Port Keats,12,AU,1548733915,87,-14.25,129.55,86.26,14.56,2019-01-29
Ada,40,US,1548732900,82,47.3,-96.52,-5.81,5.82,2019-01-29
Tynaarlo,75,NL,1548732300,89,53.08,6.62,39.2,6.93,2019-01-29
Booue,92,GA,1548733915,100,-0.09,11.94,71.19,0.69,2019-01-29
Salalah,40,OM,1548730200,77,17.01,54.1,69.8,3.36,2019-01-29
Carutapera,80,BR,1548733916,95,-1.2,-46.02,77.49,6.17,2019-01-29
Umea,92,SE,1548732000,85,63.83,20.26,12.2,4.7,2019-01-29
Swan Hill,0,AU,1548733916,92,-35.34,143.56,85.05,2.93,2019-01-29
Los Llanos de Aridane,20,ES,1548732600,63,28.66,-17.92,62.6,11.41,2019-01-29
Alugan,8,PH,1548733917,87,12.22,125.48,79.38,15.23,2019-01-29
Along,80,IN,1548733917,83,28.17,94.8,53.37,2.04,2019-01-29
Ambilobe,76,MG,1548733917,95,-13.19,49.05,71.86,3.94,2019-01-29
Coquimbo,20,CL,1548730800,88,-29.95,-71.34,62.6,5.82,2019-01-29
Provideniya,0,RU,1548732600,77,64.42,-173.23,6.8,11.18,2019-01-29
Moshi,20,TZ,1548730800,94,-3.36,37.34,68.0,5.82,2019-01-29
Price,1,US,1548730380,71,39.6,-110.81,26.96,8.05,2019-01-29
Kodiak,1,US,1548732900,36,39.95,-94.76,15.98,11.41,2019-01-29
Mingguang,92,CN,1548733919,71,32.78,118.01,42.07,5.06,2019-01-29
Cherskiy,0,RU,1548733919,0,68.75,161.3,-30.16,5.17,2019-01-29
Krasnovishersk,92,RU,1548733919,82,60.4,57.08,7.83,5.17,2019-01-29
Coulommiers,0,FR,1548730800,92,48.81,3.08,32.0,2.24,2019-01-29
Srandakan,0,ID,1548733920,81,-7.94,110.25,84.37,4.38,2019-01-29
Gamba,0,CN,1548733920,74,28.28,88.52,-7.03,3.83,2019-01-29
Harper,1,US,1548732900,48,30.3,-99.24,48.2,19.46,2019-01-29
Saldanha,12,PT,1548733920,91,41.42,-6.55,33.03,5.06,2019-01-29
Pisco,90,PE,1548730800,83,-13.71,-76.2,77.0,5.82,2019-01-29
Kiri Buru,12,IN,1548733921,91,22.08,85.35,56.92,3.94,2019-01-29
Taoudenni,0,ML,1548733921,52,22.68,-3.98,44.86,2.82,2019-01-29
Guerrero Negro,0,MX,1548733921,87,27.97,-114.04,56.43,4.94,2019-01-29
Paamiut,20,GL,1548733922,100,61.99,-49.67,23.4,12.55,2019-01-29
Emerald,90,AU,1548730800,51,-23.53,148.16,86.0,19.46,2019-01-29
Tiznit,0,MA,1548733922,94,29.7,-9.73,47.52,0.69,2019-01-29
Arlit,0,NE,1548733922,59,18.74,7.39,46.08,2.37,2019-01-29
Ancud,75,CL,1548730800,93,-41.87,-73.83,53.6,6.93,2019-01-29
Veraval,0,FR,1548730800,92,49.65,0.71,39.2,3.36,2019-01-29
Tabuk,0,PH,1548733923,68,17.41,121.44,66.69,2.15,2019-01-29
Plouzane,75,FR,1548730800,93,48.38,-4.62,41.0,4.7,2019-01-29
Calabar,80,NG,1548733923,93,4.98,8.34,77.13,3.94,2019-01-29
Salisbury,80,GB,1548730560,85,51.07,-1.8,33.8,6.93,2019-01-29
Miraflores,92,CO,1548733924,100,5.2,-73.14,53.91,1.36,2019-01-29
San Andres,36,PH,1548733925,100,13.32,122.68,77.13,16.58,2019-01-29
San Javier,0,ES,1548730800,57,37.81,-0.83,55.4,2.24,2019-01-29
Rome,0,IT,1548732000,93,41.89,12.48,37.4,8.05,2019-01-29
Gardner,1,US,1548732900,62,38.81,-94.93,23.0,10.29,2019-01-29
Kiama,20,AU,1548730800,58,-34.67,150.86,87.8,12.75,2019-01-29
Cabedelo,20,BR,1548730800,100,-6.97,-34.84,75.2,5.82,2019-01-29
Abha,5,SA,1548730800,54,18.22,42.5,57.2,1.92,2019-01-29
Sinnamary,92,GF,1548733927,99,5.38,-52.96,78.34,11.54,2019-01-29
Tigre,0,AR,1548730800,78,-34.42,-58.58,84.2,6.93,2019-01-29
Te Anau,36,NZ,1548733927,65,-45.41,167.72,69.39,3.94,2019-01-29
Udachnyy,48,RU,1548733927,0,66.42,112.4,-34.48,3.15,2019-01-29
Grindavik,0,IS,1548732600,62,63.84,-22.43,24.8,14.99,2019-01-29
Davila,20,PH,1548730800,37,18.47,120.58,82.4,8.05,2019-01-29
Port Shepstone,0,ZA,1548733645,90,-30.74,30.45,72.63,24.4,2019-01-29
Junin,90,PE,1548731400,100,-16.45,-71.58,53.6,4.7,2019-01-29
Whitehorse,75,CA,1548730800,85,60.72,-135.06,12.2,23.04,2019-01-29
Atikokan,64,CA,1548733868,70,48.76,-91.62,-6.44,4.94,2019-01-29
Kupang,40,ID,1548732600,62,-10.16,123.6,87.8,10.29,2019-01-29
Moroni,0,US,1548733760,74,39.52,-111.59,11.92,2.37,2019-01-29
Rebrikha,0,RU,1548733929,29,53.08,82.34,-19.76,4.94,2019-01-29
Nkhata Bay,92,MW,1548733929,100,-11.61,34.3,69.79,2.15,2019-01-29
Ewa Beach,75,US,1548730620,46,21.32,-158.01,75.92,11.41,2019-01-29
Ilhabela,0,BR,1548733930,97,-23.78,-45.36,82.62,12.21,2019-01-29
Hamilton,90,CA,1548733020,92,43.26,-79.87,24.8,10.29,2019-01-29
Khorol,92,UA,1548733930,95,49.78,33.27,24.93,13.67,2019-01-29
Oktyabrskiy,90,RU,1548732600,92,55.61,37.97,23.0,11.18,2019-01-29
Coahuayana,0,MX,1548733931,62,18.62,-100.35,54.27,2.15,2019-01-29
Kogon,40,UZ,1548732600,50,39.73,64.54,51.8,9.17,2019-01-29
Camacha,75,PT,1548730800,72,33.08,-16.33,60.8,5.82,2019-01-29
Uyuni,24,BO,1548733931,73,-20.46,-66.82,46.8,2.59,2019-01-29
Arica,75,CL,1548730800,73,-18.48,-70.32,77.0,1.59,2019-01-29
Antofagasta,90,CL,1548730800,69,-23.65,-70.4,73.4,3.36,2019-01-29
Shebunino,90,RU,1548732600,85,57.66,40.04,21.2,4.47,2019-01-29
Kaitangata,24,NZ,1548733932,86,-46.28,169.85,73.71,3.15,2019-01-29
Key West,75,US,1548732900,74,47.93,-96.78,-0.41,13.87,2019-01-29
Muhororo,68,RW,1548733933,85,-2.51,29.77,61.06,1.59,2019-01-29
Chivay,92,PE,1548733933,99,-15.64,-71.6,37.08,2.59,2019-01-29
Cururupu,92,BR,1548733933,92,-1.82,-44.87,77.71,5.39,2019-01-29
Verkhoyansk,44,RU,1548733933,0,67.55,133.39,-51.71,0.25,2019-01-29
Anloga,20,GH,1548730800,88,5.79,0.9,80.6,8.05,2019-01-29
Dondo,75,MZ,1548730800,83,-19.62,34.74,77.0,8.75,2019-01-29
Kochki,8,RU,1548733934,69,54.33,80.49,-15.04,10.31,2019-01-29
Arraial do Cabo,0,BR,1548733934,88,-22.97,-42.02,77.4,15.68,2019-01-29
Nampula,40,MZ,1548730800,88,-15.12,39.26,71.6,5.82,2019-01-29
Shingu,40,JP,1548730800,42,33.72,135.99,46.4,20.8,2019-01-29
Cacule,20,BR,1548733935,76,-14.5,-42.22,71.32,9.98,2019-01-29
Coihaique,20,CL,1548730800,54,-45.58,-72.07,53.6,9.17,2019-01-29
Kamaishi,75,JP,1548730800,55,39.28,141.86,39.2,10.29,2019-01-29
Bonthe,0,SL,1548733936,91,7.53,-12.5,77.31,5.17,2019-01-29
Makhu,20,IN,1548730800,100,31.11,74.97,39.2,2.82,2019-01-29
Cap Malheureux,40,MU,1548730800,94,-19.98,57.61,77.0,6.73,2019-01-29
Chokurdakh,64,RU,1548733936,46,70.62,147.9,-28.76,15.01,2019-01-29
Kawerau,36,NZ,1548733937,70,-38.09,176.7,77.44,10.42,2019-01-29
Muros,75,ES,1548731580,93,42.77,-9.06,46.4,5.82,2019-01-29
Bozova,0,TR,1548732000,64,37.36,38.53,39.2,13.87,2019-01-29
Upernavik,56,GL,1548733937,98,72.79,-56.15,11.16,11.21,2019-01-29
Ust-Kuyga,36,RU,1548733937,0,70.0,135.55,-51.53,3.38,2019-01-29
El Rosario,75,MX,1548729780,77,22.99,-105.86,62.6,1.92,2019-01-29
Alofi,92,NU,1548733803,100,-19.06,-169.92,78.48,9.86,2019-01-29
Saint-Junien,90,FR,1548730800,100,45.89,0.9,35.6,2.24,2019-01-29
Mujiayingzi,8,CN,1548733938,26,42.12,118.78,34.92,11.88,2019-01-29
Jasper,76,US,1548731700,71,33.83,-87.28,55.94,5.28,2019-01-29
Saint-Pierre,0,FR,1548730800,100,48.95,4.24,33.8,9.17,2019-01-29
Paysandu,0,UY,1548733940,68,-32.32,-58.08,84.78,9.53,2019-01-29
Hashtrud,32,IR,1548733940,87,37.48,47.05,30.33,13.78,2019-01-29
Albanel,12,CA,1548733908,30,48.88,-72.44,-20.66,2.93,2019-01-29
Gilgit,20,PK,1548733940,76,35.92,74.31,-3.29,0.36,2019-01-29
Beloha,12,MG,1548733940,67,-25.17,45.06,71.59,13.89,2019-01-29
Pandan,56,PH,1548733941,100,11.72,122.09,77.17,22.39,2019-01-29
Yaan,56,NG,1548733941,96,7.38,8.57,74.79,7.18,2019-01-29
Saint-Francois,0,FR,1548730800,92,46.42,3.91,28.4,2.24,2019-01-29
Puerto Suarez,92,BO,1548733941,95,-18.96,-57.8,72.72,6.4,2019-01-29
Qasigiannguit,80,GL,1548730200,72,68.82,-51.19,17.6,6.93,2019-01-29
Montepuez,24,MZ,1548733942,98,-13.13,39.0,69.52,3.83,2019-01-29
Quatre Cocos,40,MU,1548730800,94,-20.21,57.76,77.0,4.27,2019-01-29
Mut,0,TR,1548733942,69,36.64,33.44,27.49,1.81,2019-01-29
Maceio,40,BR,1548730800,88,-9.67,-35.74,75.2,5.82,2019-01-29
Kumi,0,UG,1548733943,86,1.49,33.93,54.76,2.15,2019-01-29
Solnechnyy,8,RU,1548733943,64,50.72,136.64,3.46,5.39,2019-01-29
Cidreira,44,BR,1548733943,88,-30.17,-50.22,76.05,3.94,2019-01-29
Fairlie,75,US,1548732900,48,33.31,-95.96,45.86,21.92,2019-01-29
Ocher,0,RU,1548733944,53,57.89,54.72,-10.54,2.71,2019-01-29
Westport,88,IE,1548733944,100,53.8,-9.52,41.76,13.22,2019-01-29
Kesova Gora,92,RU,1548733944,87,57.58,37.3,21.01,9.42,2019-01-29
Mitu,56,IR,1548733944,88,36.2,46.09,30.64,7.07,2019-01-29
Bethel,90,US,1548733020,92,60.79,-161.76,30.2,5.82,2019-01-29
Kieta,24,PG,1548733945,100,-6.22,155.63,81.94,3.71,2019-01-29
Srivardhan,0,IN,1548733945,81,18.03,73.02,62.91,9.31,2019-01-29
Ormara,0,PK,1548733946,99,25.21,64.64,64.44,4.38,2019-01-29
Port Hedland,0,AU,1548732600,59,-20.31,118.58,89.6,12.75,2019-01-29
Derzhavinsk,88,KZ,1548733946,80,51.1,66.31,3.96,14.56,2019-01-29
Viedma,0,AR,1548733946,41,-40.81,-62.99,76.09,15.12,2019-01-29
Puerto Colombia,0,CO,1548730800,78,10.99,-74.96,78.8,3.36,2019-01-29
Namibe,0,AO,1548733947,100,-15.19,12.15,73.62,1.7,2019-01-29
Zatyshshya,92,UA,1548733947,98,47.33,29.87,39.24,11.1,2019-01-29
Bridlington,0,GB,1548732000,100,54.08,-0.19,33.8,12.75,2019-01-29
Port Blair,8,IN,1548733947,98,11.67,92.75,82.71,12.55,2019-01-29
Lazurne,64,UA,1548733947,94,46.77,34.99,28.84,11.65,2019-01-29
Rongcheng,12,CN,1548733948,47,37.16,122.42,40.32,4.94,2019-01-29
Nguruka,92,TZ,1548733948,100,-5.11,31.04,64.53,2.15,2019-01-29
Kuusankoski,90,FI,1548732000,92,60.91,26.62,15.8,13.87,2019-01-29
Beringovskiy,24,RU,1548733948,96,63.05,179.32,2.74,4.83,2019-01-29
Hailar,8,CN,1548733949,73,49.2,119.7,9.0,5.5,2019-01-29
Clyde River,90,CA,1548730800,76,70.47,-68.59,-7.61,14.99,2019-01-29
Green River,1,US,1548730440,76,41.53,-109.47,10.94,10.29,2019-01-29
Shubarshi,92,KZ,1548733949,89,48.59,57.19,25.51,9.86,2019-01-29
Ardakan,40,IR,1548732600,66,32.31,54.02,66.2,11.41,2019-01-29
Hofn,56,IS,1548733950,100,64.25,-15.21,28.08,17.81,2019-01-29
Vostok,36,RU,1548733950,63,46.45,135.83,10.62,2.93,2019-01-29
Bacong,100,PH,1548733950,100,6.14,124.31,76.81,8.08,2019-01-29
Vannes,88,FR,1548730800,100,47.66,-2.76,41.0,3.36,2019-01-29
Paris,0,FR,1548730800,86,48.86,2.35,32.0,1.12,2019-01-29
Moradabad,0,IN,1548733951,86,28.83,78.77,42.97,7.74,2019-01-29
Vicente Guerrero,0,MX,1548733755,81,16.93,-96.7,52.38,2.37,2019-01-29
Manadhoo,20,MV,1548733951,99,5.77,73.38,82.21,10.54,2019-01-29
Esperance,75,TT,1548730800,83,10.24,-61.45,77.0,5.95,2019-01-29
Eyl,44,SO,1548733952,92,7.98,49.82,75.46,16.46,2019-01-29
Bako,36,NG,1548733952,69,9.68,6.4,70.38,2.82,2019-01-29
Gigmoto,76,PH,1548733952,100,13.78,124.39,76.41,14.56,2019-01-29
Garowe,44,SO,1548733953,90,8.41,48.48,61.2,6.4,2019-01-29
Oranjestad,40,AW,1548730800,78,12.52,-70.03,78.8,14.99,2019-01-29
Rendsburg,0,DE,1548732000,100,54.3,9.66,26.6,6.93,2019-01-29
Paragominas,48,BR,1548733953,91,-3.0,-47.35,75.87,4.05,2019-01-29
Bubaque,0,GW,1548733954,100,11.28,-15.83,75.42,8.75,2019-01-29
Vila Velha,40,BR,1548730800,83,-3.71,-38.6,80.6,6.93,2019-01-29
Matara,92,PE,1548733954,96,-13.74,-72.9,45.67,2.15,2019-01-29
Kutulik,24,RU,1548733955,57,53.35,102.79,-6.76,4.16,2019-01-29
Walvis Bay,92,NA,1548730800,88,-22.95,14.51,62.6,3.36,2019-01-29
Kosikha,56,RU,1548732600,69,53.36,84.58,-11.21,6.71,2019-01-29
Madras,1,US,1548732900,92,44.63,-121.13,33.08,5.82,2019-01-29
Lasa,40,CY,1548730800,93,34.92,32.53,48.2,5.82,2019-01-29
Makat,88,KZ,1548733956,100,47.65,53.35,22.27,3.6,2019-01-29
San Vicente,0,SV,1548730200,73,13.64,-88.78,73.4,6.93,2019-01-29
Kuala Pilah,75,MY,1548732600,58,2.74,102.25,87.8,11.41,2019-01-29
Vanavara,36,RU,1548733957,48,60.35,102.28,-8.78,6.62,2019-01-29
La Tijera,40,MX,1548729600,19,29.35,-110.8,68.0,3.36,2019-01-29
Matagami,32,NG,1548733958,70,9.67,8.4,66.33,2.93,2019-01-29
Svetlogorsk,90,RU,1548732600,77,53.14,59.15,-2.21,8.95,2019-01-29
Verkhnevilyuysk,44,RU,1548733958,30,63.45,120.31,-20.84,3.71,2019-01-29
Ouesso,44,CG,1548733958,97,1.61,16.05,73.21,3.15,2019-01-29
Leh,12,IN,1548733959,0,34.16,77.58,-41.05,1.14,2019-01-29
Hua Hin,0,TH,1548730800,48,12.57,99.96,84.2,5.82,2019-01-29
Aklavik,90,CA,1548730800,78,68.22,-135.01,8.6,4.61,2019-01-29
Quzhou,0,CN,1548733686,67,28.97,118.86,52.02,3.83,2019-01-29
Aksu,0,KZ,1548732600,82,52.04,76.93,-18.41,8.95,2019-01-29
Itarema,48,BR,1548733960,94,-2.92,-39.92,76.23,9.08,2019-01-29
Santa Cruz Cabralia,20,BR,1548730800,94,-16.28,-39.02,75.2,3.36,2019-01-29
Jackson,90,US,1548732900,70,35.61,-88.82,44.6,5.82,2019-01-29
Bandarbeyla,92,SO,1548733961,100,9.49,50.81,77.85,17.25,2019-01-29
Teguise,0,ES,1548732600,82,29.06,-13.56,60.8,16.11,2019-01-29
Dongobesh,56,TZ,1548733961,94,-4.07,35.37,58.5,3.71,2019-01-29
Valparaiso,90,US,1548732900,69,41.47,-87.06,17.6,16.11,2019-01-29
Ereymentau,0,KZ,1548733961,0,51.62,73.1,-23.54,6.17,2019-01-29
Omalur,75,IN,1548732600,73,11.74,78.05,75.2,4.7,2019-01-29
Orzu,80,RO,1548733962,92,44.77,23.24,28.08,2.59,2019-01-29
Manosque,0,FR,1548730800,60,43.83,5.78,41.0,20.8,2019-01-29
Soledade,75,BR,1548730800,94,-7.06,-36.37,71.6,3.36,2019-01-29
Palana,80,RU,1548733963,79,59.08,159.95,6.07,1.14,2019-01-29
Umkomaas,8,ZA,1548733963,89,-30.21,30.8,58.99,3.71,2019-01-29
Riyadh,75,SA,1548730800,88,24.63,46.72,64.4,2.24,2019-01-29
South Shields,20,GB,1548730200,100,55.0,-1.43,37.4,8.05,2019-01-29
Colares,75,PT,1548730800,93,38.8,-9.45,55.4,8.05,2019-01-29
Elk Plain,1,US,1548731700,100,47.04,-122.37,44.96,1.92,2019-01-29
Njombe,100,TZ,1548733964,98,-9.34,34.77,63.99,3.49,2019-01-29
Lodja,92,CD,1548733964,93,-3.52,23.6,71.01,3.94,2019-01-29
Khani,90,GE,1548732600,93,41.96,42.96,42.8,3.36,2019-01-29
Meulaboh,44,ID,1548733965,100,4.14,96.13,79.2,3.15,2019-01-29
Salinopolis,48,BR,1548733965,100,-0.61,-47.36,76.81,8.97,2019-01-29
Kathu,92,ZA,1548733965,94,-27.7,23.05,63.99,14.0,2019-01-29
Louga,0,SN,1548730800,72,15.62,-16.22,64.4,11.54,2019-01-29
Zhangye,0,CN,1548733966,61,38.94,100.46,12.01,4.72,2019-01-29
Nancha,12,CN,1548733966,48,47.14,129.26,17.1,3.27,2019-01-29
Peniche,90,PT,1548730800,100,39.36,-9.38,53.6,1.12,2019-01-29
Kapit,80,MY,1548733966,87,2.02,112.94,79.74,1.7,2019-01-29
Erzin,0,TR,1548732000,100,36.95,36.2,55.4,10.29,2019-01-29
Cascais,75,PT,1548730800,93,38.7,-9.42,55.4,8.05,2019-01-29
Pauini,68,BR,1548733967,97,-7.71,-67.0,74.97,2.15,2019-01-29
Carroll,12,AU,1548732600,24,-30.99,150.44,95.0,5.82,2019-01-29
Ruidoso,1,US,1548732900,73,33.33,-105.67,45.5,12.75,2019-01-29
Luchegorsk,0,RU,1548733968,57,46.44,134.3,13.95,3.49,2019-01-29
Pinawa,0,CA,1548733703,66,50.15,-95.88,-14.86,9.75,2019-01-29
Krasnyy Chikoy,36,RU,1548733968,48,50.36,108.75,-4.69,7.4,2019-01-29
Komsomolskiy,64,RU,1548733968,61,67.55,63.78,-2.98,6.73,2019-01-29
Amuntai,68,ID,1548733969,87,-2.42,115.25,81.36,2.93,2019-01-29
Maroantsetra,92,MG,1548733969,100,-15.43,49.74,71.91,3.83,2019-01-29
Kalianget,40,ID,1548732600,88,-7.35,109.91,80.6,2.24,2019-01-29
Fortuna,0,ES,1548730800,50,38.18,-1.13,55.4,17.22,2019-01-29
Abnub,0,EG,1548730800,90,27.27,31.15,42.8,3.27,2019-01-29
Loa Janan,8,ID,1548733970,66,-0.58,117.09,88.92,3.15,2019-01-29
Kidal,0,ML,1548733971,41,18.44,1.41,46.12,8.19,2019-01-29
Narsaq,0,GL,1548730200,43,60.91,-46.05,10.4,13.87,2019-01-29
Brae,24,GB,1548732000,69,60.4,-1.35,37.4,14.99,2019-01-29
Vestmanna,88,FO,1548732000,100,62.16,-7.17,28.4,1.12,2019-01-29
Torbay,90,CA,1548731520,100,47.66,-52.73,33.8,14.99,2019-01-29
Homer,90,US,1548731280,95,59.64,-151.54,37.94,15.23,2019-01-29
Pontarlier,75,CH,1548732000,92,46.9,6.35,28.4,2.48,2019-01-29
Greenville,90,US,1548732900,63,34.85,-82.4,51.08,8.05,2019-01-29
Khor,0,RU,1548733973,74,47.88,134.96,10.39,5.39,2019-01-29
Ciudad Bolivar,0,VE,1548733973,63,8.12,-63.55,80.91,13.56,2019-01-29
Patea,48,NZ,1548733973,69,-39.76,174.48,83.92,2.26,2019-01-29
Xinzhou,68,CN,1548733973,32,38.41,112.73,29.16,3.71,2019-01-29
Richards Bay,0,ZA,1548733974,86,-28.77,32.06,67.05,9.64,2019-01-29
Flinders,20,AU,1548730800,58,-34.58,150.85,87.8,12.75,2019-01-29
Svecha,56,RU,1548733974,81,58.28,47.52,10.26,4.94,2019-01-29
Providencia,88,CO,1548733707,97,1.24,-77.6,55.44,1.14,2019-01-29
Frankfort,90,US,1548731700,88,38.2,-84.87,39.92,19.46,2019-01-29
Kutum,0,SD,1548733975,44,14.2,24.66,54.09,6.96,2019-01-29
Hun,75,BE,1548732000,97,50.34,4.87,33.8,5.82,2019-01-29
Sangar,44,RU,1548733976,36,63.92,127.47,-24.44,5.5,2019-01-29
Magrath,5,CA,1548730800,79,49.42,-112.86,19.4,4.7,2019-01-29
Mandalgovi,20,MN,1548733976,51,45.76,106.27,1.62,22.5,2019-01-29
Tynda,48,RU,1548733976,71,55.15,124.74,-7.21,3.49,2019-01-29
Masalli,20,KR,1548730800,37,34.8,126.66,37.4,4.7,2019-01-29
Manati,20,AL,1548733800,75,41.76,19.67,46.4,6.93,2019-01-29
Troitskoye,20,RU,1548733977,68,52.98,84.68,-15.08,2.93,2019-01-29
Trincomalee,100,LK,1548733977,86,8.58,81.23,75.64,5.73,2019-01-29
Rostovka,20,RU,1548732600,75,55.02,73.58,-18.41,4.47,2019-01-29
Matadi,88,CD,1548733978,99,-5.83,13.46,75.24,2.37,2019-01-29
Sioux Lookout,75,CA,1548730800,83,50.1,-91.92,-11.21,6.93,2019-01-29
Husavik,8,CA,1548733978,69,50.56,-96.99,-15.85,12.21,2019-01-29
Havre,90,US,1548730380,81,48.55,-109.68,19.94,12.75,2019-01-29
Reims,0,FR,1548730800,92,49.26,4.03,28.4,1.12,2019-01-29
Yar-Sale,56,RU,1548733979,80,66.83,70.83,-8.2,6.62,2019-01-29
Acapulco,20,MX,1548729660,74,16.86,-99.88,78.8,6.93,2019-01-29
Fare,64,PF,1548733979,100,-16.7,-151.02,81.54,22.84,2019-01-29
Kpalime,0,TG,1548733979,97,6.9,0.63,71.59,3.04,2019-01-29
Banikoara,0,BJ,1548733980,48,11.3,2.44,63.18,5.06,2019-01-29
Neuquen,0,AR,1548730800,26,-38.95,-68.06,80.6,9.17,2019-01-29
Maragogi,56,BR,1548733822,100,-9.01,-35.22,71.55,2.59,2019-01-29
Fuerte Olimpo,32,BR,1548733980,72,-21.04,-57.87,77.94,14.0,2019-01-29
Ketchikan,75,US,1548730560,81,55.34,-131.65,39.02,6.4,2019-01-29
Mae Hong Son,40,MM,1548730800,100,19.3,97.96,62.6,3.36,2019-01-29
Port-Cartier,5,CA,1548730800,57,50.03,-66.88,-13.01,9.17,2019-01-29
Caravelas,80,BR,1548733981,100,-17.73,-39.27,81.49,12.66,2019-01-29
Tommot,64,RU,1548733982,69,58.97,126.27,-2.62,3.83,2019-01-29
Klaeng,0,TH,1548733982,80,12.78,101.65,86.26,5.73,2019-01-29
Popondetta,56,PG,1548733982,85,-8.77,148.24,79.24,2.48,2019-01-29
Jaru,80,BR,1548733983,91,-10.43,-62.48,75.87,2.15,2019-01-29
Puerto Escondido,0,MX,1548733983,100,15.86,-97.07,81.04,13.33,2019-01-29
Modasa,0,IN,1548733983,68,23.47,73.3,49.14,6.73,2019-01-29
San Quintin,0,PH,1548733984,48,17.54,120.52,76.99,5.28,2019-01-29
Tevaitoa,64,PF,1548733984,100,-16.78,-151.5,81.54,22.84,2019-01-29
Pervomayskiy,88,RU,1548733984,90,53.24,40.29,23.58,6.29,2019-01-29
Surt,92,LY,1548733985,100,31.21,16.59,54.94,15.57,2019-01-29
Storforshei,48,NO,1548733985,86,66.4,14.52,0.31,2.15,2019-01-29
Neryungri,48,RU,1548733985,64,56.66,124.71,-5.95,4.61,2019-01-29
Ratnagiri,0,IN,1548733985,100,16.98,73.3,73.39,20.15,2019-01-29
Ribas do Rio Pardo,20,BR,1548733985,93,-20.45,-53.76,69.61,3.15,2019-01-29
Rabo de Peixe,75,PT,1548730800,76,37.8,-25.58,57.2,5.61,2019-01-29
Brookside,90,US,1548730560,48,40.07,-80.76,42.98,12.75,2019-01-29
Klaksvik,88,FO,1548732000,100,62.23,-6.59,28.4,1.12,2019-01-29
Constitucion,75,MX,1548730200,15,23.99,-104.67,57.2,6.93,2019-01-29
Bud,88,NO,1548732000,79,62.91,6.91,33.8,5.82,2019-01-29
Pasinler,75,TR,1548732000,85,39.98,41.67,19.4,5.82,2019-01-29
Codrington,56,AU,1548730800,36,-28.95,153.24,91.4,13.87,2019-01-29
Pacific Grove,1,US,1548732600,62,36.62,-121.92,59.0,1.92,2019-01-29
Chincha Alta,90,PE,1548730800,83,-13.42,-76.13,77.0,5.82,2019-01-29
Kuznechnoye,80,RU,1548733988,84,61.12,29.87,14.31,11.43,2019-01-29
Beckley,90,US,1548732600,79,37.78,-81.19,39.92,6.73,2019-01-29
Feijo,75,EC,1548730800,33,-3.63,-79.92,89.6,0.92,2019-01-29
Kondagaon,24,IN,1548733988,99,19.59,81.66,56.07,9.98,2019-01-29
Ierapetra,20,GR,1548732000,66,35.01,25.74,55.4,18.34,2019-01-29
Mega,0,ET,1548733989,60,4.06,38.32,59.22,9.19,2019-01-29
Nyanza,40,RW,1548732600,77,-2.35,29.75,66.2,3.36,2019-01-29
Kedrovyy,40,RU,1548732600,70,56.17,91.82,-0.41,15.66,2019-01-29
Batagay,24,RU,1548733989,0,67.65,134.64,-52.75,2.15,2019-01-29
Methoni,56,GR,1548732000,76,36.82,21.7,57.2,9.17,2019-01-29
Meadow Lake,0,CA,1548733934,55,54.13,-108.44,-5.86,7.74,2019-01-29
Strezhevoy,90,RU,1548732600,78,60.73,77.6,8.6,15.66,2019-01-29
Tallahassee,20,US,1548732900,81,30.44,-84.28,50.0,5.39,2019-01-29
Paciran,44,ID,1548733990,80,-6.9,112.33,86.17,7.18,2019-01-29
Sao Filipe,68,CV,1548733814,89,14.9,-24.5,74.16,14.0,2019-01-29
Martapura,40,ID,1548730800,83,-3.41,114.85,78.8,4.7,2019-01-29
Asyut,0,EG,1548730800,90,27.18,31.19,42.8,3.27,2019-01-29
Seoul,75,KR,1548732600,25,37.57,126.98,37.4,2.24,2019-01-29
Orcopampa,92,PE,1548733991,100,-15.27,-72.34,34.06,2.59,2019-01-29
Labuhan,48,ID,1548733992,83,-2.54,115.51,82.57,3.15,2019-01-29
Blagoyevo,8,RU,1548733992,54,63.37,47.92,-10.81,2.26,2019-01-29
Mogadishu,92,SO,1548733992,100,2.04,45.34,78.12,22.06,2019-01-29
Puerto Narino,90,CO,1548730800,100,-3.77,-70.38,73.4,2.24,2019-01-29
Grand Gaube,40,MU,1548730800,94,-20.01,57.66,77.0,6.73,2019-01-29
Baykit,44,RU,1548733993,71,61.68,96.39,-11.44,7.63,2019-01-29
Mitsamiouli,20,KM,1548730800,88,-11.38,43.28,75.2,5.82,2019-01-29
Mayumba,88,GA,1548733993,100,-3.44,10.65,79.11,4.38,2019-01-29
Tanakpur,0,IN,1548733993,77,29.07,80.11,45.04,3.27,2019-01-29
Bikaner,0,IN,1548733994,81,28.02,73.32,43.83,2.93,2019-01-29
Nikolayevsk-na-amure,8,RU,1548733994,72,53.14,140.72,0.99,3.15,2019-01-29
Rohtak,0,IN,1548732600,87,28.9,76.58,44.6,8.05,2019-01-29
Sturgis,90,US,1548732900,92,44.41,-103.51,21.02,17.22,2019-01-29
Hualmay,68,PE,1548733994,86,-11.1,-77.61,70.06,2.82,2019-01-29
Shetpe,92,KZ,1548733995,93,44.14,52.16,29.79,5.61,2019-01-29
Blagoveshchensk,0,RU,1548732600,51,50.29,127.53,14.0,11.18,2019-01-29
Talwandi Bhai,0,IN,1548733995,82,30.86,74.93,39.6,2.93,2019-01-29
Dryden,32,CA,1548730800,75,49.79,-92.84,-13.01,5.82,2019-01-29
Whitianga,20,NZ,1548733996,96,-36.83,175.7,72.99,7.07,2019-01-29
Adrar,0,DZ,1548730800,45,27.87,-0.29,44.6,9.17,2019-01-29
Gryazovets,92,RU,1548733996,83,58.88,40.25,18.49,9.86,2019-01-29
Nishihara,20,JP,1548732600,24,35.74,139.53,48.2,26.4,2019-01-29
Nome,75,US,1548732900,85,30.04,-94.42,57.2,4.7,2019-01-29
Jilin,24,CN,1548733997,49,43.84,126.54,26.46,8.63,2019-01-29
Port Augusta,0,AU,1548730800,42,-32.49,137.76,84.2,9.17,2019-01-29
Placido de Castro,80,BR,1548733997,98,-10.34,-67.19,74.92,2.15,2019-01-29
Sorong,32,ID,1548733997,100,-0.86,131.25,80.73,8.19,2019-01-29
Yulara,75,AU,1548730800,29,-25.24,130.99,89.6,10.29,2019-01-29
Yurimaguas,12,PE,1548733998,90,-5.9,-76.1,77.85,1.7,2019-01-29
Rosa Zarate,76,EC,1548733998,93,0.33,-79.47,73.89,3.15,2019-01-29
Taltal,12,CL,1548733998,94,-25.41,-70.49,61.2,1.81,2019-01-29
Trinidad,32,UY,1548733999,79,-33.52,-56.9,80.19,7.18,2019-01-29
Kyaikto,8,MM,1548733999,82,17.31,97.01,77.4,3.15,2019-01-29
San Cristobal,75,EC,1548730800,93,-0.39,-78.55,57.2,3.36,2019-01-29
Kulhudhuffushi,20,MV,1548733999,100,6.62,73.07,81.76,10.09,2019-01-29
Tarata,75,PE,1548730800,78,-17.47,-70.03,71.6,2.24,2019-01-29
Ahuimanu,75,US,1548730620,57,21.44,-157.84,75.92,23.04,2019-01-29
Bayan,36,MN,1548734000,42,47.25,107.54,-3.25,17.02,2019-01-29
Biltine,0,TD,1548734001,61,14.53,20.93,55.44,2.93,2019-01-29
Zhanaozen,92,KZ,1548734001,94,43.35,52.85,34.2,11.54,2019-01-29
Broken Hill,32,AU,1548730800,26,-31.97,141.45,95.0,4.7,2019-01-29
Mgachi,0,RU,1548734001,100,51.05,142.27,8.1,3.94,2019-01-29
Bathsheba,20,BB,1548730800,73,13.22,-59.52,75.2,13.87,2019-01-29
Srednekolymsk,0,RU,1548734002,0,67.46,153.71,-33.08,2.48,2019-01-29
Champerico,5,MX,1548729840,64,16.38,-93.6,71.6,4.7,2019-01-29
Livingston,1,US,1548732900,49,32.58,-88.19,55.04,6.93,2019-01-29
Gat,0,SN,1548732600,56,14.69,-16.54,68.0,12.75,2019-01-29
Puerto Asis,36,CO,1548734003,95,0.51,-76.5,74.34,2.15,2019-01-29
Nurobod,0,UZ,1548732600,29,40.91,69.8,48.2,11.41,2019-01-29
Cernay,0,FR,1548730800,80,47.81,7.18,35.6,11.41,2019-01-29
Hwange,92,ZW,1548734004,95,-18.35,26.5,65.07,8.97,2019-01-29
Tarnos,100,FR,1548730800,87,43.54,-1.46,50.0,3.36,2019-01-29
Vestmannaeyjar,0,IS,1548734004,100,63.44,-20.27,25.69,12.88,2019-01-29
General Roca,0,AR,1548730800,26,-39.03,-67.58,80.6,9.17,2019-01-29
Dunedin,88,NZ,1548733949,81,-45.87,170.5,71.46,3.94,2019-01-29
Mweka,92,CD,1548734005,91,-4.85,21.56,75.19,3.49,2019-01-29
Kaoma,8,ZM,1548734005,88,-14.8,24.8,67.81,10.09,2019-01-29
Nosy Varika,76,MG,1548734005,100,-20.58,48.53,75.01,6.96,2019-01-29
Lavrentiya,0,RU,1548734005,65,65.58,-170.99,3.6,11.65,2019-01-29
Lakes Entrance,64,AU,1548734006,79,-37.88,147.99,79.2,4.27,2019-01-29
Moore,1,US,1548733200,58,35.34,-97.49,33.8,3.36,2019-01-29
Magistralnyy,32,RU,1548734006,43,56.17,107.45,-6.76,6.4,2019-01-29
Flin Flon,20,CA,1548734006,22,54.77,-101.88,-14.59,11.99,2019-01-29
Pitmoaga,0,BF,1548730800,16,12.24,-1.88,68.0,5.82,2019-01-29
Mwene-Ditu,92,CD,1548734007,99,-7.01,23.45,66.33,4.5,2019-01-29
Alvdal,20,NO,1548732000,91,62.11,10.63,1.4,2.24,2019-01-29
Mineiros,92,BR,1548733823,86,-17.57,-52.55,69.3,2.82,2019-01-29
Chumikan,56,RU,1548734007,66,54.72,135.31,-0.55,2.82,2019-01-29
Babu,76,CN,1548734008,89,23.23,104.89,54.94,2.93,2019-01-29
Ouidah,56,BJ,1548734008,92,6.37,2.09,78.03,5.5,2019-01-29
Charlestown,1,US,1548732900,78,41.38,-71.64,30.02,11.21,2019-01-29
Sudak,64,UA,1548734008,100,44.85,34.97,31.5,5.17,2019-01-29
Pitiquito,80,MX,1548734008,36,30.68,-112.05,58.95,6.62,2019-01-29
Pizarro,88,CO,1548734009,100,4.95,-77.37,76.27,1.81,2019-01-29
Rio Gallegos,0,AR,1548730800,80,-51.62,-69.22,48.2,9.17,2019-01-29
Sanmenxia,64,CN,1548734009,77,34.77,111.19,37.62,3.49,2019-01-29
Fort Nelson,90,CA,1548730800,92,58.81,-122.69,12.2,5.82,2019-01-29
Changji,68,CN,1548734010,93,32.07,116.17,43.87,6.06,2019-01-29
Dicabisagan,88,PH,1548734010,100,17.08,122.42,73.12,12.33,2019-01-29
Usinsk,64,RU,1548734010,68,66.0,57.56,2.34,9.19,2019-01-29
Tromso,0,NO,1548732000,78,69.65,18.96,10.4,27.51,2019-01-29
Kondinskoye,12,RU,1548734011,60,59.65,67.41,2.11,8.75,2019-01-29
Nanortalik,0,GL,1548734011,100,60.14,-45.24,23.62,10.31,2019-01-29
Vila Franca do Campo,75,PT,1548730800,76,37.72,-25.43,57.2,3.83,2019-01-29
Puri,75,ID,1548732600,79,-7.54,112.45,84.2,11.41,2019-01-29
Agutaya,8,PH,1548734011,100,11.15,120.94,77.71,26.98,2019-01-29
Klyuchi,0,RU,1548734012,0,52.25,79.17,-25.43,4.61,2019-01-29
Vuktyl,48,RU,1548734012,77,63.86,57.31,4.72,4.16,2019-01-29
Alpena,90,US,1548732900,84,45.06,-83.43,19.4,12.75,2019-01-29
Libreville,20,GA,1548732600,94,0.39,9.45,77.0,4.7,2019-01-29
Omboue,80,GA,1548734012,100,-1.57,9.26,81.99,3.38,2019-01-29
Kovdor,36,RU,1548734013,61,67.56,30.47,-7.61,5.39,2019-01-29
Patacamaya,64,BO,1548734013,83,-17.23,-67.92,45.36,3.94,2019-01-29
Belgaum,40,IN,1548730800,82,15.87,74.5,64.4,6.93,2019-01-29
Tilichiki,92,RU,1548734013,81,60.47,166.1,23.89,12.44,2019-01-29
Izberbash,90,RU,1548732600,86,42.57,47.86,39.2,8.95,2019-01-29
Soyo,88,AO,1548734014,93,-6.13,12.37,77.17,2.04,2019-01-29
Paharpur,0,PK,1548734014,66,32.1,70.97,34.29,3.15,2019-01-29
Bakchar,76,RU,1548734014,70,57.02,82.07,-1.31,10.65,2019-01-29
Sri Aman,75,MY,1548730800,83,1.24,111.46,84.2,3.36,2019-01-29
Awbari,0,LY,1548734015,67,26.59,12.77,44.55,10.76,2019-01-29
Palmer,0,AU,1548730800,47,-34.85,139.16,78.8,10.29,2019-01-29
Zaysan,0,KZ,1548734015,0,47.47,84.87,-26.2,3.71,2019-01-29
Tura,100,IN,1548734015,95,25.52,90.21,55.12,3.04,2019-01-29
Gold Coast,0,AU,1548730800,54,-28.0,153.41,84.2,10.29,2019-01-29
Bull Savanna,36,JM,1548734016,91,17.89,-77.59,69.66,2.59,2019-01-29
Ixtapa,5,MX,1548730020,94,20.71,-105.21,69.8,1.36,2019-01-29
Crixas,92,BR,1548734016,86,-14.55,-49.97,71.91,1.7,2019-01-29
Hokitika,88,NZ,1548734016,95,-42.72,170.96,63.54,7.52,2019-01-29
Wasilla,75,US,1548732480,92,61.58,-149.44,35.06,2.26,2019-01-29
Santa Isabel,36,CO,1548734017,100,4.71,-75.1,63.18,2.04,2019-01-29
At-Bashi,0,KG,1548734018,19,41.17,75.81,-17.78,2.82,2019-01-29
Innisfail,75,CA,1548730800,73,52.02,-113.95,19.4,3.36,2019-01-29
Camopi,80,GF,1548734018,97,3.17,-52.33,74.34,2.37,2019-01-29
Poum,92,MK,1548734018,99,41.28,20.71,36.0,1.25,2019-01-29
Wuwei,24,CN,1548734018,68,37.93,102.64,20.43,2.15,2019-01-29
Manokwari,44,ID,1548734019,100,-0.87,134.08,82.62,3.15,2019-01-29
Aden,64,YE,1548734019,97,12.79,45.03,77.13,21.83,2019-01-29
Neiafu,40,TO,1548730800,66,-18.65,-173.98,84.2,16.11,2019-01-29
Bonfim,12,GY,1548734019,64,3.36,-59.84,81.22,15.12,2019-01-29
Okhotsk,0,RU,1548734020,100,59.36,143.24,-17.65,7.29,2019-01-29
Mayo,90,CA,1548730800,76,63.59,-135.9,-7.61,2.24,2019-01-29
Rawson,12,AR,1548734020,27,-43.3,-65.11,76.5,9.42,2019-01-29
Fojnica,75,BA,1548730800,100,43.96,17.9,33.8,6.93,2019-01-29
Belaya Gora,48,RU,1548734021,0,68.54,146.19,-35.11,3.94,2019-01-29
Shirokiy,88,RU,1548734021,94,53.87,39.17,25.11,6.51,2019-01-29
Iracoubo,92,GF,1548734021,95,5.48,-53.21,75.06,5.17,2019-01-29
Grootfontein,0,NA,1548730800,93,-19.56,18.1,60.8,5.39,2019-01-29
Pulgaon,0,IN,1548734022,51,20.73,78.32,52.69,10.98,2019-01-29
Praia da Vitoria,75,PT,1548730800,87,38.73,-27.07,55.4,6.96,2019-01-29
Canavieiras,76,BR,1548734022,88,-15.68,-38.95,79.06,5.5,2019-01-29
Tobolsk,20,RU,1548734023,61,58.2,68.25,-2.35,8.08,2019-01-29
San Antero,0,CO,1548734023,86,9.38,-75.76,77.89,9.53,2019-01-29
Belyy,80,RU,1548734023,90,55.83,32.94,19.89,10.65,2019-01-29
Tessalit,0,ML,1548734023,36,20.2,1.01,44.28,8.86,2019-01-29
Sahuaripa,36,MX,1548734024,76,29.05,-109.23,48.51,0.25,2019-01-29
Tulun,48,RU,1548734024,45,54.56,100.58,-1.9,7.18,2019-01-29
Mahajanga,40,MG,1548730800,94,-15.72,46.32,73.4,6.93,2019-01-29
Alekseyevsk,32,RU,1548734024,40,57.84,108.35,-5.23,7.63,2019-01-29
Khash,92,IR,1548734024,92,28.22,61.21,46.44,2.93,2019-01-29
Kamenka,88,RU,1548734025,91,53.19,44.05,12.24,5.17,2019-01-29
Jinka,80,ET,1548734025,78,5.79,36.57,60.39,1.59,2019-01-29
San Policarpo,8,PH,1548734025,87,12.18,125.51,79.38,15.23,2019-01-29
Tazovskiy,44,RU,1548734025,43,67.47,78.7,-27.23,13.67,2019-01-29
